{"amp/grad_scale": 32768.0, "global_step": 0}
{"loss/regression_loss": 3.811723470687866, "loss/classification_loss": 17.66579246520996, "loss/total_loss": 21.477516174316406, "global_step": 0}
{"amp/grad_scale": 16384.0, "global_step": 1}
{"amp/grad_scale": 8192.0, "global_step": 2}
{"stats/learning_rate": 0.000509, "global_step": 3}
{"stats/learning_rate": 0.000518, "global_step": 4}
{"amp/grad_scale": 4096.0, "global_step": 5}
{"stats/learning_rate": 0.000527, "global_step": 6}
{"stats/learning_rate": 0.000536, "global_step": 7}
{"amp/grad_scale": 32768.0, "global_step": 8}
{"amp/grad_scale": 16384.0, "global_step": 9}
{"amp/grad_scale": 8192.0, "global_step": 10}
{"stats/learning_rate": 0.000509, "global_step": 11}
{"stats/learning_rate": 0.000518, "global_step": 12}
{"amp/grad_scale": 4096.0, "global_step": 13}
{"stats/learning_rate": 0.000527, "global_step": 14}
{"stats/learning_rate": 0.000536, "global_step": 15}
{"stats/learning_rate": 0.000545, "global_step": 16}
{"stats/learning_rate": 0.000554, "global_step": 17}
{"stats/learning_rate": 0.000563, "global_step": 18}
{"stats/learning_rate": 0.0005719999999999999, "global_step": 19}
{"loss/regression_loss": 3.4762539863586426, "loss/classification_loss": 13.79996395111084, "loss/total_loss": 17.27621841430664, "global_step": 20}
{"stats/learning_rate": 0.0005900000000000001, "global_step": 21}
{"stats/learning_rate": 0.0005990000000000002, "global_step": 22}
{"stats/learning_rate": 0.0006080000000000003, "global_step": 23}
{"stats/learning_rate": 0.0006170000000000003, "global_step": 24}
{"stats/learning_rate": 0.0006260000000000003, "global_step": 25}
{"stats/learning_rate": 0.0006350000000000001, "global_step": 26}
{"stats/learning_rate": 0.0006440000000000001, "global_step": 27}
{"stats/learning_rate": 0.0006530000000000002, "global_step": 28}
{"stats/learning_rate": 0.0006620000000000002, "global_step": 29}
{"stats/learning_rate": 0.0006710000000000002, "global_step": 30}
{"stats/learning_rate": 0.0006800000000000002, "global_step": 31}
{"stats/learning_rate": 0.0006890000000000002, "global_step": 32}
{"stats/learning_rate": 0.000698, "global_step": 33}
{"stats/learning_rate": 0.0007070000000000002, "global_step": 34}
{"stats/learning_rate": 0.0007160000000000003, "global_step": 35}
{"stats/learning_rate": 0.0007250000000000004, "global_step": 36}
{"stats/learning_rate": 0.0007340000000000004, "global_step": 37}
{"stats/learning_rate": 0.0007430000000000004, "global_step": 38}
{"stats/learning_rate": 0.0007520000000000005, "global_step": 39}
{"loss/regression_loss": 3.017726182937622, "loss/classification_loss": 9.416788101196289, "loss/total_loss": 12.434514045715332, "global_step": 40}
{"stats/learning_rate": 0.0007700000000000005, "global_step": 41}
{"stats/learning_rate": 0.0007790000000000005, "global_step": 42}
{"stats/learning_rate": 0.0007880000000000004, "global_step": 43}
{"stats/learning_rate": 0.0007970000000000004, "global_step": 44}
{"stats/learning_rate": 0.0008060000000000004, "global_step": 45}
{"stats/learning_rate": 0.0008150000000000004, "global_step": 46}
{"stats/learning_rate": 0.0008240000000000004, "global_step": 47}
{"stats/learning_rate": 0.0008330000000000004, "global_step": 48}
{"stats/learning_rate": 0.0008420000000000004, "global_step": 49}
{"stats/learning_rate": 0.0008510000000000003, "global_step": 50}
{"stats/learning_rate": 0.0008600000000000002, "global_step": 51}
{"stats/learning_rate": 0.0008690000000000003, "global_step": 52}
{"stats/learning_rate": 0.0008780000000000003, "global_step": 53}
{"stats/learning_rate": 0.0008870000000000002, "global_step": 54}
{"stats/learning_rate": 0.0008960000000000002, "global_step": 55}
{"stats/learning_rate": 0.0009050000000000001, "global_step": 56}
{"stats/learning_rate": 0.0009140000000000001, "global_step": 57}
{"stats/epoch_time": 56.18165421485901, "global_step": 58}
{"metrics/mAP": 0.00021304429056577233, "metrics/mAP@0.5": 0.0011060994037821788, "metrics/mAP@0.75": 2.8781947962238083e-05, "metrics/mAP_small": 8.68766726352907e-06, "metrics/mAP_medium": 0.0006375974363411899, "metrics/mAP_large": 3.561175579785892e-05, "metrics/average_recall@1": 0.0005915100904662492, "metrics/average_recall@10": 0.004436325678496869, "metrics/average_recall@100": 0.010316631871955462, "metrics/average_recall@100_small": 0.001054481546572935, "metrics/average_recall@100_medium": 0.026125703564727952, "metrics/average_recall@100_large": 0.0011940298507462687, "metrics/AP_car": 0.0008521771622630893, "metrics/AP_bus": 0.0, "metrics/AP_person": 0.0, "metrics/AP_rider": 0.0, "global_step": 58}
